SKU,Produto,Tag 1,Tag 2,Tag 3,Tag 4,Tag 5,Estampa, Pre√ßo,Imagem para encontrar,Link da Imagem
01.P00003,Caneca,Personalizada,Caneca Branca 325ml,Com Caricatura,Porcelana,325ml,Administador(a) de Empresas," R$  34,90 ",,
01.P00035,Caneca,Personalizada,Caneca Branca 325ml,Com Avatar,Porcelana,325ml,Administador(a) de Empresas," R$  39,90 ",,
01.P00070,Caneca,Personalizada,Caneca Branca 325ml,Com Caricatura,Porcelana,325ml,Administador(a) de Empresas," R$  34,90 ",,
01.P00123,Caneca,Personalizada,Caneca Branca 325ml,Com Caricatura,Porcelana,325ml,Administador(a) de Empresas," R$  34,90 ",,
01.P00154,Caneca,Personalizada,Caneca Branca 325ml,Com Caricatura,Porcelana,325ml,Administador(a) de Empresas," R$  34,90 ",,
01.P00185,Caneca,Personalizada,Caneca Branca 325ml,Com Caricatura,Porcelana,325ml,Administador(a) de Empresas," R$  34,90 ",,
03.P00002,Squeeze,Personalizada,Squeeze Branca 2 Bicos 600ml,Com Caricatura,Aluminio,600ml,Administador(a) de Empresas," R$  59,90 ",,
01.P00114,Caneca,Personalizada,Caneca Branca 325ml,Com Avatar,Porcelana,325ml,Administrador(a)," R$  39,90 ",,
01.P00004,Caneca,Personalizada,Caneca Branca 325ml,Com Caricatura,Porcelana,325ml,Advogado," R$  34,90 ",,
01.P00036,Caneca,Personalizada,Caneca Branca 325ml,Com Avatar,Porcelana,325ml,Advogado," R$  39,90 ",,
01.P00071,Caneca,Personalizada,Caneca Branca 325ml,Com Caricatura,Porcelana,325ml,Advogado," R$  34,90 ",,
01.P00155,Caneca,Personalizada,Caneca Branca 325ml,Com Caricatura,Porcelana,325ml,Advogado," R$  34,90 ",,
01.P00186,Caneca,Personalizada,Caneca Branca 325ml,Com Caricatura,Porcelana,325ml,Advogado," R$  34,90 ",,
03.P00003,Squeeze,Personalizada,Squeeze Branca 2 Bicos 600ml,Com Caricatura,Aluminio,600ml,Advogado," R$  59,90 ",,
01.P00224,Caneca,Personalizada,Caneca Branca 325ml,Com Avatar,Porcelana,325ml,Advogados," R$  39,90 ",,
01.P00125,Caneca,Personalizada,Caneca Branca 325ml,Com Caricatura,Porcelana,325ml,Agronomia," R$  34,90 ",,
01.P00073,Caneca,Personalizada,Caneca Branca 325ml,Com Caricatura,Porcelana,325ml,Arquiteto(a)," R$  34,90 ",,
01.P00126,Caneca,Personalizada,Caneca Branca 325ml,Com Caricatura,Porcelana,325ml,Arquiteto(a)," R$  34,90 ",,
01.P00111,Caneca,Personalizada,Caneca Branca 325ml,Com Avatar,Porcelana,325ml,Basquete," R$  39,90 ",,
01.P00008,Caneca,Personalizada,Caneca Branca 325ml,Com Caricatura,Porcelana,325ml,Biomedico(a)," R$  34,90 ",,
01.P00115,Caneca,Personalizada,Caneca Branca 325ml,Com Avatar,Porcelana,325ml,Bombeiro," R$  39,90 ",,
01.P00117,Caneca,Personalizada,Caneca Branca 325ml,Com Avatar,Porcelana,325ml,Chef de Cozinha," R$  39,90 ",,
01.P00486,Caneca,Personalizada,Caneca Preta 325ml,Com Caricatura e Logo,Porcelana,325ml,Com Caricatura e Logo," R$  49,90 ",,
01.P00485,Caneca,Personalizada,Caneca Preta 325ml,Com Caricatura e Nome,Porcelana,325ml,Com Caricatura e Nome," R$  49,90 ",,
03.P00035,Squeeze,Personalizada,Squeeze Branca 2 Bicos 600ml,Com Caricatura e Nome,Aluminio,600ml,Com Caricatura e Nome," R$  59,90 ",,
01.P00484,Caneca,Personalizada,Caneca Preta 325ml,Com Logo,Porcelana,325ml,Com Logo," R$  49,90 ",,
01.P00042,Caneca,Personalizada,Caneca Branca 325ml,Com Avatar,Porcelana,325ml,Contador(a)," R$  39,90 ",,
01.P00161,Caneca,Personalizada,Caneca Branca 325ml,Com Caricatura,Porcelana,325ml,Contador(a)," R$  34,90 ",,
01.P00192,Caneca,Personalizada,Caneca Branca 325ml,Com Caricatura,Porcelana,325ml,Contador(a)," R$  34,90 ",,
01.P00109,Caneca,Personalizada,Caneca Branca 325ml,Com Avatar,Porcelana,325ml,Corredor(a)," R$  39,90 ",,
01.P00113,Caneca,Personalizada,Caneca Branca 325ml,Com Avatar,Porcelana,325ml,Corredora," R$  39,90 ",,
01.P00222,Caneca,Personalizada,Caneca Branca 325ml,Com Avatar,Porcelana,325ml,Corretora de Imoveis," R$  39,90 ",,
07.P00002,Cueca,Estampa Pronta,Cueca Branca Poliester,,Poliester,P M G GG,Cristiano Ronaldo e Messi," R$  49,90 ",,
01.P00011,Caneca,Personalizada,Caneca Branca 325ml,Com Caricatura,Porcelana,325ml,Dentista," R$  34,90 ",,
01.P00043,Caneca,Personalizada,Caneca Branca 325ml,Com Avatar,Porcelana,325ml,Dentista," R$  39,90 ",,
01.P00162,Caneca,Personalizada,Caneca Branca 325ml,Com Caricatura,Porcelana,325ml,Dentista," R$  34,90 ",,
01.P00193,Caneca,Personalizada,Caneca Branca 325ml,Com Caricatura,Porcelana,325ml,Dentista," R$  34,90 ",,
01.P00014,Caneca,Personalizada,Caneca Branca 325ml,Com Caricatura,Porcelana,325ml,Educacao Fisica," R$  34,90 ",,
01.P00046,Caneca,Personalizada,Caneca Branca 325ml,Com Avatar,Porcelana,325ml,Educacao Fisica," R$  39,90 ",,
01.P00081,Caneca,Personalizada,Caneca Branca 325ml,Com Caricatura,Porcelana,325ml,Educacao Fisica," R$  34,90 ",,
01.P00196,Caneca,Personalizada,Caneca Branca 325ml,Com Caricatura,Porcelana,325ml,Educacao Fisica," R$  34,90 ",,
03.P00013,Squeeze,Personalizada,Squeeze Branca 2 Bicos 600ml,Com Caricatura,Aluminio,600ml,Educacao Fisica," R$  59,90 ",,
01.P00118,Caneca,Personalizada,Caneca Branca 325ml,Com Avatar,Porcelana,325ml,Enfermagem," R$  39,90 ",,
01.P00015,Caneca,Personalizada,Caneca Branca 325ml,Com Caricatura,Porcelana,325ml,Enfermeiro(a)," R$  34,90 ",,
01.P00047,Caneca,Personalizada,Caneca Branca 325ml,Com Avatar,Porcelana,325ml,Enfermeiro(a)," R$  39,90 ",,
01.P00082,Caneca,Personalizada,Caneca Branca 325ml,Com Caricatura,Porcelana,325ml,Enfermeiro(a)," R$  34,90 ",,
01.P00135,Caneca,Personalizada,Caneca Branca 325ml,Com Caricatura,Porcelana,325ml,Enfermeiro(a)," R$  34,90 ",,
01.P00016,Caneca,Personalizada,Caneca Branca 325ml,Com Caricatura,Porcelana,325ml,Engenheiro(a)," R$  34,90 ",,
01.P00048,Caneca,Personalizada,Caneca Branca 325ml,Com Avatar,Porcelana,325ml,Engenheiro(a)," R$  39,90 ",,
01.P00119,Caneca,Personalizada,Caneca Branca 325ml,Com Avatar,Porcelana,325ml,Engenheiro(a)," R$  39,90 ",,
01.P00136,Caneca,Personalizada,Caneca Branca 325ml,Com Caricatura,Porcelana,325ml,Engenheiro(a)," R$  34,90 ",,
01.P00218,Caneca,Personalizada,Caneca Branca 325ml,Com Avatar,Porcelana,325ml,Engenheiro(a)," R$  39,90 ",,
01.P00085,Caneca,Personalizada,Caneca Branca 325ml,Com Caricatura,Porcelana,325ml,Farmaceutico(a)," R$  34,90 ",,
01.P00169,Caneca,Personalizada,Caneca Branca 325ml,Com Caricatura,Porcelana,325ml,Farmaceutico(a)," R$  34,90 ",,
01.P00019,Caneca,Personalizada,Caneca Branca 325ml,Com Caricatura,Porcelana,325ml,Fisioterapeuta," R$  34,90 ",,
03.P00018,Squeeze,Personalizada,Squeeze Branca 2 Bicos 600ml,Com Caricatura,Aluminio,600ml,Fisioterapeuta," R$  59,90 ",,
01.P00110,Caneca,Personalizada,Caneca Branca 325ml,Com Avatar,Porcelana,325ml,Fitness," R$  39,90 ",,
01.P00020,Caneca,Personalizada,Caneca Branca 325ml,Com Caricatura,Porcelana,325ml,Fonoaudiologo(a)," R$  34,90 ",,
03.P00019,Squeeze,Personalizada,Squeeze Branca 2 Bicos 600ml,Com Caricatura,Aluminio,600ml,Fonoaudiologo(a)," R$  59,90 ",,
01.P00120,Caneca,Personalizada,Caneca Branca 325ml,Com Avatar,Porcelana,325ml,Futebol," R$  39,90 ",,
01.P00220,Caneca,Personalizada,Caneca Branca 325ml,Com Avatar,Porcelana,325ml,Guitarrista," R$  39,90 ",,
01.P00217,Caneca,Personalizada,Caneca Branca Alca Preta 325ml,Com Avatar,Porcelana,325ml,Jiu Jitsu," R$  44,90 ",,
01.P00107,Caneca,Personalizada,Caneca Branca 325ml,Com Avatar,Porcelana,325ml,Logomarca," R$  39,90 ",,
01.P00023,Caneca,Personalizada,Caneca Branca 325ml,Com Caricatura,Porcelana,325ml,Medico(a)," R$  34,90 ",,
01.P00055,Caneca,Personalizada,Caneca Branca 325ml,Com Avatar,Porcelana,325ml,Medico(a)," R$  39,90 ",,
01.P00090,Caneca,Personalizada,Caneca Branca 325ml,Com Caricatura,Porcelana,325ml,Medico(a)," R$  34,90 ",,
01.P00143,Caneca,Personalizada,Caneca Branca 325ml,Com Caricatura,Porcelana,325ml,Medico(a)," R$  34,90 ",,
01.P00174,Caneca,Personalizada,Caneca Branca 325ml,Com Caricatura,Porcelana,325ml,Medico(a)," R$  34,90 ",,
01.P00206,Caneca,Personalizada,Caneca Branca 325ml,Com Caricatura,Porcelana,325ml,Medico(a)," R$  34,90 ",,
03.P00022,Squeeze,Personalizada,Squeeze Branca 2 Bicos 600ml,Com Caricatura,Aluminio,600ml,Medico(a)," R$  59,90 ",,
01.P00221,Caneca,Personalizada,Caneca Branca 325ml,Com Avatar,Porcelana,325ml,Natacao," R$  39,90 ",,
01.P00103,Caneca,Personalizada,Caneca Branca 325ml,Com Avatar,Porcelana,325ml,Noivo e Noiva na Moto," R$  39,90 ",,
01.P00024,Caneca,Personalizada,Caneca Branca 325ml,Com Caricatura,Porcelana,325ml,Nutricionista," R$  34,90 ",,
01.P00056,Caneca,Personalizada,Caneca Branca 325ml,Com Avatar,Porcelana,325ml,Nutricionista," R$  39,90 ",,
01.P00144,Caneca,Personalizada,Caneca Branca 325ml,Com Caricatura,Porcelana,325ml,Nutricionista," R$  34,90 ",,
01.P00175,Caneca,Personalizada,Caneca Branca 325ml,Com Caricatura,Porcelana,325ml,Nutricionista," R$  34,90 ",,
03.P00023,Squeeze,Personalizada,Squeeze Branca 2 Bicos 600ml,Com Caricatura,Aluminio,600ml,Nutricionista," R$  59,90 ",,
01.P00001,Caneca,Personalizada,Caneca Branca 325ml,Com Caricatura,Porcelana,325ml,Personalizacoes Diversas," R$  34,90 ",,
01.P00034,Caneca,Personalizada,Caneca Magica 325ml,Com Foto,Porcelana,325ml,Personalizacoes Diversas," R$  39,90 ",,
01.P00066,Caneca,Personalizada,Caneca Branca 325ml,Com Logo e Caricatura,Porcelana,325ml,Personalizacoes Diversas," R$  34,90 ",,
01.P00068,Caneca,Personalizada,Caneca Branca 325ml,Com Caricatura e Nome,Porcelana,325ml,Personalizacoes Diversas," R$  34,90 ",,
01.P00475,Caneca,Personalizada,Caneca Branca 100ml,Com Avatar,Porcelana,100ml,Personalizacoes Diversas," R$  42,90 ",,
01.P00476,Caneca,Personalizada,Caneca Branca 100ml,Com Caricatura e Logo,Porcelana,100ml,Personalizacoes Diversas," R$  36,90 ",,
01.P00477,Caneca,Personalizada,Caneca Branca 100ml,Com Caricatura,Porcelana,100ml,Personalizacoes Diversas," R$  36,90 ",,
01.P00481,Caneca,Personalizada,Caneca de Chopp Aluminio 600ml,Com Caricatura e Nome,Aluminio,600ml,Personalizacoes Diversas," R$  39,90 ",,
01.P00482,Caneca,Personalizada,Caneca de Chopp Aluminio 600ml,Com Caricatura e Logo,Aluminio,600ml,Personalizacoes Diversas," R$  39,90 ",,
01.P00487,Caneca,Personalizada,Caneca Preta 325ml,Com Caricatura,Porcelana,325ml,Personalizacoes Diversas," R$  49,90 ",,
11.P00001,Copo Termico,Personalizado,Copo Termico 473ml,Com Caricatura,Aluminio,473ml,Personalizacoes Diversas," R$  69,90 ",,
11.P00003,Copo Termico,Personalizado,Copo Termico 473ml,Com Caricatura e Nome,Aluminio,473ml,Personalizacoes Diversas," R$  69,90 ",,
10.P00001,Garrafa Termica,Personalizada,Garrafara Termica Digital 500ml,Com Caricatura,Aluminio,500ml,Personalizacoes Diversas," R$  79,90 ",,
10.P00003,Garrafa Termica,Personalizada,Garrafara Termica Digital 500ml,Com Caricatura e Nome,Aluminio,500ml,Personalizacoes Diversas," R$  79,90 ",,
01.P00102,Caneca,Personalizada,Caneca Branca 325ml,Com Avatar,Porcelana,325ml,Pesca," R$  39,90 ",,
01.P00105,Caneca,Personalizada,Caneca Branca 325ml,Com Avatar,Porcelana,325ml,Pescador," R$  39,90 ",,
01.P00027,Caneca,Personalizada,Caneca Branca 325ml,Com Caricatura,Porcelana,325ml,Professor(a)," R$  34,90 ",,
01.P00059,Caneca,Personalizada,Caneca Branca 325ml,Com Avatar,Porcelana,325ml,Professor(a)," R$  39,90 ",,
01.P00094,Caneca,Personalizada,Caneca Branca 325ml,Com Caricatura,Porcelana,325ml,Professor(a)," R$  34,90 ",,
01.P00178,Caneca,Personalizada,Caneca Branca 325ml,Com Caricatura,Porcelana,325ml,Professor(a)," R$  34,90 ",,
01.P00210,Caneca,Personalizada,Caneca Branca 325ml,Com Caricatura,Porcelana,325ml,Professor(a)," R$  34,90 ",,
01.P00226,Caneca,Personalizada,Caneca Branca 325ml,Com Avatar,Porcelana,325ml,Professor(a)," R$  39,90 ",,
01.P00474,Caneca,Personalizada,Caneca Branca 100ml,Com Caricatura,Porcelana,100ml,Professor(a)," R$  36,90 ",,
11.P00004,Copo Termico,Personalizado,Copo Termico 473ml,Com Caricatura,Aluminio,473ml,Professor(a)," R$  69,90 ",,
10.P00004,Garrafa Termica,Personalizada,Garrafara Termica Digital 500ml,Com Caricatura,Aluminio,500ml,Professor(a)," R$  79,90 ",,
03.P00026,Squeeze,Personalizada,Squeeze Branca 2 Bicos 600ml,Com Caricatura,Aluminio,600ml,Professor(a)," R$  59,90 ",,
01.P00029,Caneca,Personalizada,Caneca Branca 325ml,Com Caricatura,Porcelana,325ml,Psicologo(a)," R$  34,90 ",,
01.P00061,Caneca,Personalizada,Caneca Branca 325ml,Com Avatar,Porcelana,325ml,Psicologo(a)," R$  39,90 ",,
01.P00149,Caneca,Personalizada,Caneca Branca 325ml,Com Caricatura,Porcelana,325ml,Psicologo(a)," R$  34,90 ",,
01.P00180,Caneca,Personalizada,Caneca Branca 325ml,Com Caricatura,Porcelana,325ml,Psicologo(a)," R$  34,90 ",,
01.P00212,Caneca,Personalizada,Caneca Branca 325ml,Com Caricatura,Porcelana,325ml,Psicologo(a)," R$  34,90 ",,
07.P00003,Cueca,Estampa Pronta,Cueca Branca Poliester,,Poliester,P M G GG,Ronaldo e Romario," R$  49,90 ",,
01.P00101,Caneca,Personalizada,Caneca Branca 325ml,Com Avatar,Porcelana,325ml,Sr e Sra," R$  39,90 ",,
01.P00104,Caneca,Personalizada,Caneca Branca 325ml,Com Avatar,Porcelana,325ml,Super Chefe," R$  39,90 ",,
11.P00002,Copo Termico,Personalizado,Copo Termico 473ml,Com Avatar,Aluminio,473ml,Super Chefe," R$  69,90 ",,
10.P00002,Garrafa Termica,Personalizada,Garrafara Termica Digital 500ml,Com Avatar,Aluminio,500ml,Super Chefe," R$  79,90 ",,
01.P00223,Caneca,Personalizada,Caneca Branca 325ml,Com Avatar,Porcelana,325ml,Super Mae," R$  39,90 ",,
01.P00032,Caneca,Personalizada,Caneca Branca 325ml,Com Caricatura,Porcelana,325ml,Tecnico(a) em Enfermagem," R$  34,90 ",,
01.P00183,Caneca,Personalizada,Caneca Branca 325ml,Com Caricatura,Porcelana,325ml,Tecnico(a) em Enfermagem," R$  34,90 ",,
03.P00031,Squeeze,Personalizada,Squeeze Branca 2 Bicos 600ml,Com Caricatura,Aluminio,600ml,Tecnico(a) em Enfermagem," R$  59,90 ",,
01.P00106,Caneca,Personalizada,Caneca Branca 325ml,Com Avatar,Porcelana,325ml,Tenista," R$  39,90 ",,
01.P00033,Caneca,Personalizada,Caneca Branca 325ml,Com Caricatura,Porcelana,325ml,Veterinario(a)," R$  34,90 ",,
01.P00065,Caneca,Personalizada,Caneca Branca 325ml,Com Avatar,Porcelana,325ml,Veterinario(a)," R$  39,90 ",,
01.P00100,Caneca,Personalizada,Caneca Branca 325ml,Com Caricatura,Porcelana,325ml,Veterinario(a)," R$  34,90 ",,
01.P00153,Caneca,Personalizada,Caneca Branca 325ml,Com Caricatura,Porcelana,325ml,Veterinario(a)," R$  34,90 ",,
01.P00216,Caneca,Personalizada,Caneca Branca 325ml,Com Caricatura,Porcelana,325ml,Veterinario(a)," R$  34,90 ",,