Produto,Variação 1,Variação 2,Preço,SKU,Estampa,Material,Tamanho/Medidas,Título,Descrição,Link da Imagem
Caneca,Personalizada,Caneca Branca 325ml," R$  34,90 ",01.P00001,Personalizacoes Diversas,Porcelana,325ml,,,https://github.com/Lucas-Henrique-Lopes-Costa/personalziados/blob/main/cara%20caneca/images/01. Canecas/P00001/01 - Caneca Personalizada Com Caricatura Envio Rápido 325ml (2).jpg?raw=true
Caneca,Personalizada,Caneca Branca 325ml," R$  34,90 ",01.P00003,Administador(a) de Empresas,Porcelana,325ml,,,https://github.com/Lucas-Henrique-Lopes-Costa/personalziados/blob/main/cara%20caneca/images/01. Canecas/P00003/Administração 01 (1).jpg?raw=true
Caneca,Personalizada,Caneca Branca 325ml," R$  34,90 ",01.P00004,Advogado,Porcelana,325ml,,,https://github.com/Lucas-Henrique-Lopes-Costa/personalziados/blob/main/cara%20caneca/images/01. Canecas/P00004/Direito 01 (2).jpg?raw=true
Caneca,Personalizada,Caneca Branca 325ml," R$  34,90 ",01.P00008,Biomedico(a),Porcelana,325ml,,,https://github.com/Lucas-Henrique-Lopes-Costa/personalziados/blob/main/cara%20caneca/images/01. Canecas/P00008/Biomedicina 01 (4).jpg?raw=true
Caneca,Personalizada,Caneca Branca 325ml," R$  34,90 ",01.P00011,Dentista,Porcelana,325ml,,,https://github.com/Lucas-Henrique-Lopes-Costa/personalziados/blob/main/cara%20caneca/images/01. Canecas/P00011/Odontologia 01 (6).jpg?raw=true
Caneca,Personalizada,Caneca Branca 325ml," R$  34,90 ",01.P00014,Educacao Fisica,Porcelana,325ml,,,https://github.com/Lucas-Henrique-Lopes-Costa/personalziados/blob/main/cara%20caneca/images/01. Canecas/P00014/Educação Física 01 (2).jpg?raw=true
Caneca,Personalizada,Caneca Branca 325ml," R$  34,90 ",01.P00015,Enfermeiro(a),Porcelana,325ml,,,https://github.com/Lucas-Henrique-Lopes-Costa/personalziados/blob/main/cara%20caneca/images/01. Canecas/P00015/Tecnico em Efermagem 01 (1).jpg?raw=true
Caneca,Personalizada,Caneca Branca 325ml," R$  34,90 ",01.P00016,Engenheiro(a),Porcelana,325ml,,,https://github.com/Lucas-Henrique-Lopes-Costa/personalziados/blob/main/cara%20caneca/images/01. Canecas/P00016/Engenharia Cívil MASC 01 (3)~1.jpg?raw=true
Caneca,Personalizada,Caneca Branca 325ml," R$  34,90 ",01.P00019,Fisioterapeuta,Porcelana,325ml,,,https://github.com/Lucas-Henrique-Lopes-Costa/personalziados/blob/main/cara%20caneca/images/01. Canecas/P00019/Fisioterapia 01 (1).jpg?raw=true
Caneca,Personalizada,Caneca Branca 325ml," R$  34,90 ",01.P00020,Fonoaudiologo(a),Porcelana,325ml,,,https://github.com/Lucas-Henrique-Lopes-Costa/personalziados/blob/main/cara%20caneca/images/01. Canecas/P00020/Fonoaudiologia 01 (4).jpg?raw=true
Caneca,Personalizada,Caneca Branca 325ml," R$  34,90 ",01.P00023,Medico(a),Porcelana,325ml,,,https://github.com/Lucas-Henrique-Lopes-Costa/personalziados/blob/main/cara%20caneca/images/01. Canecas/P00023/Medicina 01 (4).jpg?raw=true
Caneca,Personalizada,Caneca Branca 325ml," R$  34,90 ",01.P00024,Nutricionista,Porcelana,325ml,,,https://github.com/Lucas-Henrique-Lopes-Costa/personalziados/blob/main/cara%20caneca/images/01. Canecas/P00024/Nutricionista 01 (2).jpg?raw=true
Caneca,Personalizada,Caneca Branca 325ml," R$  34,90 ",01.P00027,Professor(a),Porcelana,325ml,,,https://github.com/Lucas-Henrique-Lopes-Costa/personalziados/blob/main/cara%20caneca/images/01. Canecas/P00027/Professor 01 (2).jpg?raw=true
Caneca,Personalizada,Caneca Branca 325ml," R$  34,90 ",01.P00029,Psicologo(a),Porcelana,325ml,,,https://github.com/Lucas-Henrique-Lopes-Costa/personalziados/blob/main/cara%20caneca/images/01. Canecas/P00029/Psicologia 01 (2).jpg?raw=true
Caneca,Personalizada,Caneca Branca 325ml," R$  34,90 ",01.P00032,Tecnico(a) em Enfermagem,Porcelana,325ml,,,https://github.com/Lucas-Henrique-Lopes-Costa/personalziados/blob/main/cara%20caneca/images/01. Canecas/P00032/Tecnico em Efermagem 01 (1).jpg?raw=true
Caneca,Personalizada,Caneca Branca 325ml," R$  34,90 ",01.P00033,Veterinario(a),Porcelana,325ml,,,https://github.com/Lucas-Henrique-Lopes-Costa/personalziados/blob/main/cara%20caneca/images/01. Canecas/P00033/Veterinário 01 (2).jpg?raw=true
Caneca,Personalizada,Caneca Magica 325ml," R$  39,90 ",01.P00034,Personalizacoes Diversas,Porcelana,325ml,,,https://github.com/Lucas-Henrique-Lopes-Costa/personalziados/blob/main/cara%20caneca/images/01. Canecas/P00034/03 - Caneca Magica De Porcelana Personalizada Com Sua Foto (1).jpg?raw=true
Caneca,Personalizada,Caneca Branca 325ml," R$  39,90 ",01.P00035,Administador(a) de Empresas,Porcelana,325ml,,,https://github.com/Lucas-Henrique-Lopes-Costa/personalziados/blob/main/cara%20caneca/images/01. Canecas/P00035/Administrador (3).jpg?raw=true
Caneca,Personalizada,Caneca Branca 325ml," R$  39,90 ",01.P00036,Advogado,Porcelana,325ml,,,https://github.com/Lucas-Henrique-Lopes-Costa/personalziados/blob/main/cara%20caneca/images/01. Canecas/P00036/Advogado (3).jpg?raw=true
Caneca,Personalizada,Caneca Branca 325ml," R$  39,90 ",01.P00042,Contador(a),Porcelana,325ml,,,https://github.com/Lucas-Henrique-Lopes-Costa/personalziados/blob/main/cara%20caneca/images/01. Canecas/P00042/Contador (2).jpg?raw=true
Caneca,Personalizada,Caneca Branca 325ml," R$  39,90 ",01.P00043,Dentista,Porcelana,325ml,,,https://github.com/Lucas-Henrique-Lopes-Costa/personalziados/blob/main/cara%20caneca/images/01. Canecas/P00043/Dentista (1).jpg?raw=true
Caneca,Personalizada,Caneca Branca 325ml," R$  39,90 ",01.P00046,Educacao Fisica,Porcelana,325ml,,,https://github.com/Lucas-Henrique-Lopes-Costa/personalziados/blob/main/cara%20caneca/images/01. Canecas/P00046/Educação Física (3).jpg?raw=true
Caneca,Personalizada,Caneca Branca 325ml," R$  39,90 ",01.P00047,Enfermeiro(a),Porcelana,325ml,,,https://github.com/Lucas-Henrique-Lopes-Costa/personalziados/blob/main/cara%20caneca/images/01. Canecas/P00047/Enfermeiro (3).jpg?raw=true
Caneca,Personalizada,Caneca Branca 325ml," R$  39,90 ",01.P00048,Engenheiro(a),Porcelana,325ml,,,https://github.com/Lucas-Henrique-Lopes-Costa/personalziados/blob/main/cara%20caneca/images/01. Canecas/P00048/Engenharia Cívil (1).jpg?raw=true
Caneca,Personalizada,Caneca Branca 325ml," R$  39,90 ",01.P00055,Medico(a),Porcelana,325ml,,,https://github.com/Lucas-Henrique-Lopes-Costa/personalziados/blob/main/cara%20caneca/images/01. Canecas/P00055/Medicina (2).jpg?raw=true
Caneca,Personalizada,Caneca Branca 325ml," R$  39,90 ",01.P00056,Nutricionista,Porcelana,325ml,,,https://github.com/Lucas-Henrique-Lopes-Costa/personalziados/blob/main/cara%20caneca/images/01. Canecas/P00056/Nutricionista (1).jpg?raw=true
Caneca,Personalizada,Caneca Branca 325ml," R$  39,90 ",01.P00059,Professor(a),Porcelana,325ml,,,https://github.com/Lucas-Henrique-Lopes-Costa/personalziados/blob/main/cara%20caneca/images/01. Canecas/P00059/Professor (2).jpg?raw=true
Caneca,Personalizada,Caneca Branca 325ml," R$  39,90 ",01.P00061,Psicologo(a),Porcelana,325ml,,,https://github.com/Lucas-Henrique-Lopes-Costa/personalziados/blob/main/cara%20caneca/images/01. Canecas/P00061/Psicologo (1).jpg?raw=true
Caneca,Personalizada,Caneca Branca 325ml," R$  39,90 ",01.P00065,Veterinario(a),Porcelana,325ml,,,https://github.com/Lucas-Henrique-Lopes-Costa/personalziados/blob/main/cara%20caneca/images/01. Canecas/P00065/Veterinário (2).jpg?raw=true
Caneca,Personalizada,Caneca Branca 325ml," R$  34,90 ",01.P00066,Personalizacoes Diversas,Porcelana,325ml,,,https://github.com/Lucas-Henrique-Lopes-Costa/personalziados/blob/main/cara%20caneca/images/01. Canecas/P00066/Com Logo (2).jpg?raw=true
Caneca,Personalizada,Caneca Branca 325ml," R$  34,90 ",01.P00068,Personalizacoes Diversas,Porcelana,325ml,,,https://github.com/Lucas-Henrique-Lopes-Costa/personalziados/blob/main/cara%20caneca/images/01. Canecas/P00068/Com Nome (2).jpg?raw=true
Caneca,Personalizada,Caneca Branca 325ml," R$  34,90 ",01.P00070,Administador(a) de Empresas,Porcelana,325ml,,,https://github.com/Lucas-Henrique-Lopes-Costa/personalziados/blob/main/cara%20caneca/images/01. Canecas/P00070/0001 - Copia.jpg?raw=true
Caneca,Personalizada,Caneca Branca 325ml," R$  34,90 ",01.P00071,Advogado,Porcelana,325ml,,,https://github.com/Lucas-Henrique-Lopes-Costa/personalziados/blob/main/cara%20caneca/images/01. Canecas/P00071/0002 - Copia (3).jpg?raw=true
Caneca,Personalizada,Caneca Branca 325ml," R$  34,90 ",01.P00073,Arquiteto(a),Porcelana,325ml,,,https://github.com/Lucas-Henrique-Lopes-Costa/personalziados/blob/main/cara%20caneca/images/01. Canecas/P00073/0003 - Copia (2).jpg?raw=true
Caneca,Personalizada,Caneca Branca 325ml," R$  34,90 ",01.P00081,Educacao Fisica,Porcelana,325ml,,,https://github.com/Lucas-Henrique-Lopes-Costa/personalziados/blob/main/cara%20caneca/images/01. Canecas/P00081/0010 - Copia (3).jpg?raw=true
Caneca,Personalizada,Caneca Branca 325ml," R$  34,90 ",01.P00082,Enfermeiro(a),Porcelana,325ml,,,https://github.com/Lucas-Henrique-Lopes-Costa/personalziados/blob/main/cara%20caneca/images/01. Canecas/P00082/0012 - Copia.jpg?raw=true
Caneca,Personalizada,Caneca Branca 325ml," R$  34,90 ",01.P00085,Farmaceutico(a),Porcelana,325ml,,,https://github.com/Lucas-Henrique-Lopes-Costa/personalziados/blob/main/cara%20caneca/images/01. Canecas/P00085/0015 - Copia (2).jpg?raw=true
Caneca,Personalizada,Caneca Branca 325ml," R$  34,90 ",01.P00090,Medico(a),Porcelana,325ml,,,https://github.com/Lucas-Henrique-Lopes-Costa/personalziados/blob/main/cara%20caneca/images/01. Canecas/P00090/0023 - Copia.jpg?raw=true
Caneca,Personalizada,Caneca Branca 325ml," R$  34,90 ",01.P00094,Professor(a),Porcelana,325ml,,,https://github.com/Lucas-Henrique-Lopes-Costa/personalziados/blob/main/cara%20caneca/images/01. Canecas/P00094/0026 - Copia (3).jpg?raw=true
Caneca,Personalizada,Caneca Branca 325ml," R$  34,90 ",01.P00100,Veterinario(a),Porcelana,325ml,,,https://github.com/Lucas-Henrique-Lopes-Costa/personalziados/blob/main/cara%20caneca/images/01. Canecas/P00100/0033 - Copia.jpg?raw=true
Caneca,Personalizada,Caneca Branca 325ml," R$  39,90 ",01.P00101,Sr e Sra,Porcelana,325ml,,,https://github.com/Lucas-Henrique-Lopes-Costa/personalziados/blob/main/cara%20caneca/images/01. Canecas/P00101/C (15).jpg?raw=true
Caneca,Personalizada,Caneca Branca 325ml," R$  39,90 ",01.P00102,Pesca,Porcelana,325ml,,,https://github.com/Lucas-Henrique-Lopes-Costa/personalziados/blob/main/cara%20caneca/images/01. Canecas/P00102/C (14).jpg?raw=true
Caneca,Personalizada,Caneca Branca 325ml," R$  39,90 ",01.P00103,Noivo e Noiva na Moto,Porcelana,325ml,,,https://github.com/Lucas-Henrique-Lopes-Costa/personalziados/blob/main/cara%20caneca/images/01. Canecas/P00103/B (13).jpg?raw=true
Caneca,Personalizada,Caneca Branca 325ml," R$  39,90 ",01.P00104,Super Chefe,Porcelana,325ml,,,https://github.com/Lucas-Henrique-Lopes-Costa/personalziados/blob/main/cara%20caneca/images/01. Canecas/P00104/B (12).jpg?raw=true
Caneca,Personalizada,Caneca Branca 325ml," R$  39,90 ",01.P00105,Pescador,Porcelana,325ml,,,https://github.com/Lucas-Henrique-Lopes-Costa/personalziados/blob/main/cara%20caneca/images/01. Canecas/P00105/A (11).jpg?raw=true
Caneca,Personalizada,Caneca Branca 325ml," R$  39,90 ",01.P00106,Tenista,Porcelana,325ml,,,https://github.com/Lucas-Henrique-Lopes-Costa/personalziados/blob/main/cara%20caneca/images/01. Canecas/P00106/A (10).jpg?raw=true
Caneca,Personalizada,Caneca Branca 325ml," R$  39,90 ",01.P00107,Logomarca,Porcelana,325ml,,,https://github.com/Lucas-Henrique-Lopes-Costa/personalziados/blob/main/cara%20caneca/images/01. Canecas/P00107/C (9).jpg?raw=true
Caneca,Personalizada,Caneca Branca 325ml," R$  39,90 ",01.P00109,Corredor(a),Porcelana,325ml,,,https://github.com/Lucas-Henrique-Lopes-Costa/personalziados/blob/main/cara%20caneca/images/01. Canecas/P00109/A (6).jpg?raw=true
Caneca,Personalizada,Caneca Branca 325ml," R$  39,90 ",01.P00110,Fitness,Porcelana,325ml,,,https://github.com/Lucas-Henrique-Lopes-Costa/personalziados/blob/main/cara%20caneca/images/01. Canecas/P00110/C (5).jpg?raw=true
Caneca,Personalizada,Caneca Branca 325ml," R$  39,90 ",01.P00111,Basquete,Porcelana,325ml,,,https://github.com/Lucas-Henrique-Lopes-Costa/personalziados/blob/main/cara%20caneca/images/01. Canecas/P00111/B (4).jpg?raw=true
Caneca,Personalizada,Caneca Branca 325ml," R$  39,90 ",01.P00113,Corredora,Porcelana,325ml,,,https://github.com/Lucas-Henrique-Lopes-Costa/personalziados/blob/main/cara%20caneca/images/01. Canecas/P00113/A (2).jpg?raw=true
Caneca,Personalizada,Caneca Branca 325ml," R$  39,90 ",01.P00114,Administrador(a),Porcelana,325ml,,,https://github.com/Lucas-Henrique-Lopes-Costa/personalziados/blob/main/cara%20caneca/images/01. Canecas/P00114/Super Chefe (2).jpg?raw=true
Caneca,Personalizada,Caneca Branca 325ml," R$  39,90 ",01.P00115,Bombeiro,Porcelana,325ml,,,https://github.com/Lucas-Henrique-Lopes-Costa/personalziados/blob/main/cara%20caneca/images/01. Canecas/P00115/Bombeiro (1).jpg?raw=true
Caneca,Personalizada,Caneca Branca 325ml," R$  39,90 ",01.P00117,Chef de Cozinha,Porcelana,325ml,,,https://github.com/Lucas-Henrique-Lopes-Costa/personalziados/blob/main/cara%20caneca/images/01. Canecas/P00117/Chefe de Cozinha (1).jpg?raw=true
Caneca,Personalizada,Caneca Branca 325ml," R$  39,90 ",01.P00118,Enfermagem,Porcelana,325ml,,,https://github.com/Lucas-Henrique-Lopes-Costa/personalziados/blob/main/cara%20caneca/images/01. Canecas/P00118/Enfermeira (1).jpg?raw=true
Caneca,Personalizada,Caneca Branca 325ml," R$  39,90 ",01.P00119,Engenheiro(a),Porcelana,325ml,,,https://github.com/Lucas-Henrique-Lopes-Costa/personalziados/blob/main/cara%20caneca/images/01. Canecas/P00119/Engenheiro (1).jpg?raw=true
Caneca,Personalizada,Caneca Branca 325ml," R$  39,90 ",01.P00120,Futebol,Porcelana,325ml,,,https://github.com/Lucas-Henrique-Lopes-Costa/personalziados/blob/main/cara%20caneca/images/01. Canecas/P00120/Futebol (2).jpg?raw=true
Caneca,Personalizada,Caneca Branca 325ml," R$  34,90 ",01.P00123,Administador(a) de Empresas,Porcelana,325ml,,,https://github.com/Lucas-Henrique-Lopes-Costa/personalziados/blob/main/cara%20caneca/images/01. Canecas/P00123/Administração (3).jpg?raw=true
Caneca,Personalizada,Caneca Branca 325ml," R$  34,90 ",01.P00125,Agronomia,Porcelana,325ml,,,https://github.com/Lucas-Henrique-Lopes-Costa/personalziados/blob/main/cara%20caneca/images/01. Canecas/P00125/Agronomia (3).jpg?raw=true
Caneca,Personalizada,Caneca Branca 325ml," R$  34,90 ",01.P00126,Arquiteto(a),Porcelana,325ml,,,https://github.com/Lucas-Henrique-Lopes-Costa/personalziados/blob/main/cara%20caneca/images/01. Canecas/P00126/Arquitetura (2).jpg?raw=true
Caneca,Personalizada,Caneca Branca 325ml," R$  34,90 ",01.P00135,Enfermeiro(a),Porcelana,325ml,,,https://github.com/Lucas-Henrique-Lopes-Costa/personalziados/blob/main/cara%20caneca/images/01. Canecas/P00135/Enfermagem (1).jpg?raw=true
Caneca,Personalizada,Caneca Branca 325ml," R$  34,90 ",01.P00136,Engenheiro(a),Porcelana,325ml,,,https://github.com/Lucas-Henrique-Lopes-Costa/personalziados/blob/main/cara%20caneca/images/01. Canecas/P00136/Eng Cívil (1).jpg?raw=true
Caneca,Personalizada,Caneca Branca 325ml," R$  34,90 ",01.P00143,Medico(a),Porcelana,325ml,,,https://github.com/Lucas-Henrique-Lopes-Costa/personalziados/blob/main/cara%20caneca/images/01. Canecas/P00143/Medicina (2).jpg?raw=true
Caneca,Personalizada,Caneca Branca 325ml," R$  34,90 ",01.P00144,Nutricionista,Porcelana,325ml,,,https://github.com/Lucas-Henrique-Lopes-Costa/personalziados/blob/main/cara%20caneca/images/01. Canecas/P00144/Nutrição (3).jpg?raw=true
Caneca,Personalizada,Caneca Branca 325ml," R$  34,90 ",01.P00149,Psicologo(a),Porcelana,325ml,,,https://github.com/Lucas-Henrique-Lopes-Costa/personalziados/blob/main/cara%20caneca/images/01. Canecas/P00149/Psicologia (2).jpg?raw=true
Caneca,Personalizada,Caneca Branca 325ml," R$  34,90 ",01.P00153,Veterinario(a),Porcelana,325ml,,,https://github.com/Lucas-Henrique-Lopes-Costa/personalziados/blob/main/cara%20caneca/images/01. Canecas/P00153/Veterinária (1).jpg?raw=true
Caneca,Personalizada,Caneca Branca 325ml," R$  34,90 ",01.P00154,Administador(a) de Empresas,Porcelana,325ml,,,https://github.com/Lucas-Henrique-Lopes-Costa/personalziados/blob/main/cara%20caneca/images/01. Canecas/P00154/Administrador 01 (1).jpg?raw=true
Caneca,Personalizada,Caneca Branca 325ml," R$  34,90 ",01.P00155,Advogado,Porcelana,325ml,,,https://github.com/Lucas-Henrique-Lopes-Costa/personalziados/blob/main/cara%20caneca/images/01. Canecas/P00155/Advogada (1).jpg?raw=true
Caneca,Personalizada,Caneca Branca 325ml," R$  34,90 ",01.P00161,Contador(a),Porcelana,325ml,,,https://github.com/Lucas-Henrique-Lopes-Costa/personalziados/blob/main/cara%20caneca/images/01. Canecas/P00161/Contador (4).jpg?raw=true
Caneca,Personalizada,Caneca Branca 325ml," R$  34,90 ",01.P00162,Dentista,Porcelana,325ml,,,https://github.com/Lucas-Henrique-Lopes-Costa/personalziados/blob/main/cara%20caneca/images/01. Canecas/P00162/Dentista Fem 01 (1).jpg?raw=true
Caneca,Personalizada,Caneca Branca 325ml," R$  34,90 ",01.P00169,Farmaceutico(a),Porcelana,325ml,,,https://github.com/Lucas-Henrique-Lopes-Costa/personalziados/blob/main/cara%20caneca/images/01. Canecas/P00169/Farmaceutico (2).jpg?raw=true
Caneca,Personalizada,Caneca Branca 325ml," R$  34,90 ",01.P00174,Medico(a),Porcelana,325ml,,,https://github.com/Lucas-Henrique-Lopes-Costa/personalziados/blob/main/cara%20caneca/images/01. Canecas/P00174/Médico 01 (1).jpg?raw=true
Caneca,Personalizada,Caneca Branca 325ml," R$  34,90 ",01.P00175,Nutricionista,Porcelana,325ml,,,https://github.com/Lucas-Henrique-Lopes-Costa/personalziados/blob/main/cara%20caneca/images/01. Canecas/P00175/Nutricionista (1).jpg?raw=true
Caneca,Personalizada,Caneca Branca 325ml," R$  34,90 ",01.P00178,Professor(a),Porcelana,325ml,,,https://github.com/Lucas-Henrique-Lopes-Costa/personalziados/blob/main/cara%20caneca/images/01. Canecas/P00178/Professora 01 (1).jpg?raw=true
Caneca,Personalizada,Caneca Branca 325ml," R$  34,90 ",01.P00180,Psicologo(a),Porcelana,325ml,,,https://github.com/Lucas-Henrique-Lopes-Costa/personalziados/blob/main/cara%20caneca/images/01. Canecas/P00180/Psicologa (4).jpg?raw=true
Caneca,Personalizada,Caneca Branca 325ml," R$  34,90 ",01.P00183,Tecnico(a) em Enfermagem,Porcelana,325ml,,,https://github.com/Lucas-Henrique-Lopes-Costa/personalziados/blob/main/cara%20caneca/images/01. Canecas/P00183/Tec Enfermagem 01 (3).jpg?raw=true
Caneca,Personalizada,Caneca Branca 325ml," R$  34,90 ",01.P00185,Administador(a) de Empresas,Porcelana,325ml,,,https://github.com/Lucas-Henrique-Lopes-Costa/personalziados/blob/main/cara%20caneca/images/01. Canecas/P00185/Administração (4).jpg?raw=true
Caneca,Personalizada,Caneca Branca 325ml," R$  34,90 ",01.P00186,Advogado,Porcelana,325ml,,,https://github.com/Lucas-Henrique-Lopes-Costa/personalziados/blob/main/cara%20caneca/images/01. Canecas/P00186/Direito (1).jpg?raw=true
Caneca,Personalizada,Caneca Branca 325ml," R$  34,90 ",01.P00192,Contador(a),Porcelana,325ml,,,https://github.com/Lucas-Henrique-Lopes-Costa/personalziados/blob/main/cara%20caneca/images/01. Canecas/P00192/Contabilidade (2).jpg?raw=true
Caneca,Personalizada,Caneca Branca 325ml," R$  34,90 ",01.P00193,Dentista,Porcelana,325ml,,,https://github.com/Lucas-Henrique-Lopes-Costa/personalziados/blob/main/cara%20caneca/images/01. Canecas/P00193/Odontologia (1).jpg?raw=true
Caneca,Personalizada,Caneca Branca 325ml," R$  34,90 ",01.P00196,Educacao Fisica,Porcelana,325ml,,,https://github.com/Lucas-Henrique-Lopes-Costa/personalziados/blob/main/cara%20caneca/images/01. Canecas/P00196/Educação Física (3).jpg?raw=true
Caneca,Personalizada,Caneca Branca 325ml," R$  34,90 ",01.P00206,Medico(a),Porcelana,325ml,,,https://github.com/Lucas-Henrique-Lopes-Costa/personalziados/blob/main/cara%20caneca/images/01. Canecas/P00206/Nutrição (4).jpg?raw=true
Caneca,Personalizada,Caneca Branca 325ml," R$  34,90 ",01.P00210,Professor(a),Porcelana,325ml,,,https://github.com/Lucas-Henrique-Lopes-Costa/personalziados/blob/main/cara%20caneca/images/01. Canecas/P00210/Sistema de Informação (1).jpg?raw=true
Caneca,Personalizada,Caneca Branca 325ml," R$  34,90 ",01.P00212,Psicologo(a),Porcelana,325ml,,,https://github.com/Lucas-Henrique-Lopes-Costa/personalziados/blob/main/cara%20caneca/images/01. Canecas/P00212/Serviço Social (1).jpg?raw=true
Caneca,Personalizada,Caneca Branca 325ml," R$  34,90 ",01.P00216,Veterinario(a),Porcelana,325ml,,,https://github.com/Lucas-Henrique-Lopes-Costa/personalziados/blob/main/cara%20caneca/images/01. Canecas/P00216/12 - Caneca Jiu Jitso Com Caricatura E Nome Alça Colorida Preta 3.jpg?raw=true
Caneca,Personalizada,Caneca Branca Alca Preta 325ml," R$  44,90 ",01.P00217,Jiu Jitsu,Porcelana,325ml,,,https://github.com/Lucas-Henrique-Lopes-Costa/personalziados/blob/main/cara%20caneca/images/01. Canecas/P00217/C (1).jpg?raw=true
Caneca,Personalizada,Caneca Branca 325ml," R$  39,90 ",01.P00218,Engenheiro(a),Porcelana,325ml,,,https://github.com/Lucas-Henrique-Lopes-Costa/personalziados/blob/main/cara%20caneca/images/01. Canecas/P00218/C (14).jpg?raw=true
Caneca,Personalizada,Caneca Branca 325ml," R$  39,90 ",01.P00220,Guitarrista,Porcelana,325ml,,,https://github.com/Lucas-Henrique-Lopes-Costa/personalziados/blob/main/cara%20caneca/images/01. Canecas/P00220/A (3).jpg?raw=true
Caneca,Personalizada,Caneca Branca 325ml," R$  39,90 ",01.P00221,Natacao,Porcelana,325ml,,,https://github.com/Lucas-Henrique-Lopes-Costa/personalziados/blob/main/cara%20caneca/images/01. Canecas/P00221/B (4).jpg?raw=true
Caneca,Personalizada,Caneca Branca 325ml," R$  39,90 ",01.P00222,Corretora de Imoveis,Porcelana,325ml,,,https://github.com/Lucas-Henrique-Lopes-Costa/personalziados/blob/main/cara%20caneca/images/01. Canecas/P00222/C (5).jpg?raw=true
Caneca,Personalizada,Caneca Branca 325ml," R$  39,90 ",01.P00223,Super Mae,Porcelana,325ml,,,https://github.com/Lucas-Henrique-Lopes-Costa/personalziados/blob/main/cara%20caneca/images/01. Canecas/P00223/A (7).jpg?raw=true
Caneca,Personalizada,Caneca Branca 325ml," R$  39,90 ",01.P00224,Advogados,Porcelana,325ml,,,https://github.com/Lucas-Henrique-Lopes-Costa/personalziados/blob/main/cara%20caneca/images/01. Canecas/P00224/B (8).jpg?raw=true
Caneca,Personalizada,Caneca Branca 325ml," R$  39,90 ",01.P00226,Professor(a),Porcelana,325ml,,,https://github.com/Lucas-Henrique-Lopes-Costa/personalziados/blob/main/cara%20caneca/images/01. Canecas/P00226/A (10).jpg?raw=true
Caneca,Personalizada,Caneca Branca 100ml," R$  36,90 ",01.P00474,Professor(a),Porcelana,100ml,,,https://github.com/Lucas-Henrique-Lopes-Costa/personalziados/blob/main/cara%20caneca/images/01. Canecas/P00474/Caneca 100ml 2 (1) 001 1.jpg?raw=true
Caneca,Personalizada,Caneca Branca 100ml," R$  42,90 ",01.P00475,Personalizacoes Diversas,Porcelana,100ml,,,https://github.com/Lucas-Henrique-Lopes-Costa/personalziados/blob/main/cara%20caneca/images/01. Canecas/P00475/Caneca 100ml 2 (1) 003 3.jpg?raw=true
Caneca,Personalizada,Caneca Branca 100ml," R$  36,90 ",01.P00476,Personalizacoes Diversas,Porcelana,100ml,,,https://github.com/Lucas-Henrique-Lopes-Costa/personalziados/blob/main/cara%20caneca/images/01. Canecas/P00476/Caneca 100ml 2 (1) 004 2.jpg?raw=true
Caneca,Personalizada,Caneca Branca 100ml," R$  36,90 ",01.P00477,Personalizacoes Diversas,Porcelana,100ml,,,https://github.com/Lucas-Henrique-Lopes-Costa/personalziados/blob/main/cara%20caneca/images/01. Canecas/P00477/Caneca 100ml 2 (1) 002 1.jpg?raw=true
Caneca,Personalizada,Caneca de Chopp Aluminio 600ml," R$  39,90 ",01.P00481,Personalizacoes Diversas,Aluminio,600ml,,,https://github.com/Lucas-Henrique-Lopes-Costa/personalziados/blob/main/cara%20caneca/images/01. Canecas/P00481/WhatsApp Image 2024-09-09 at 15.39.10.jpeg?raw=true
Caneca,Personalizada,Caneca de Chopp Aluminio 600ml," R$  39,90 ",01.P00482,Personalizacoes Diversas,Aluminio,600ml,,,https://github.com/Lucas-Henrique-Lopes-Costa/personalziados/blob/main/cara%20caneca/images/01. Canecas/P00482/Aluminio Chopp 01 2.png?raw=true
Caneca,Personalizada,Caneca Preta 325ml," R$  49,90 ",01.P00484,Com Logo,Porcelana,325ml,,,https://github.com/Lucas-Henrique-Lopes-Costa/personalziados/blob/main/cara%20caneca/images/01. Canecas/P00484/Caneca preta logo.png?raw=true
Caneca,Personalizada,Caneca Preta 325ml," R$  49,90 ",01.P00485,Com Caricatura e Nome,Porcelana,325ml,,,https://github.com/Lucas-Henrique-Lopes-Costa/personalziados/blob/main/cara%20caneca/images/01. Canecas/P00485/Caneca Preta 05 1.png?raw=true
Caneca,Personalizada,Caneca Preta 325ml," R$  49,90 ",01.P00486,Com Caricatura e Logo,Porcelana,325ml,,,https://github.com/Lucas-Henrique-Lopes-Costa/personalziados/blob/main/cara%20caneca/images/01. Canecas/P00486/Caneca Preta 04.png?raw=true
Caneca,Personalizada,Caneca Preta 325ml," R$  49,90 ",01.P00487,Personalizacoes Diversas,Porcelana,325ml,,,https://github.com/Lucas-Henrique-Lopes-Costa/personalziados/blob/main/cara%20caneca/images/01. Canecas/P00487/Caneca Preta 05 1.png?raw=true
Cueca,Estampa Pronta,Cueca Branca Poliester," R$  49,90 ",07.P00002,Cristiano Ronaldo e Messi,Poliester,P M G GG,,,https://github.com/Lucas-Henrique-Lopes-Costa/personalziados/blob/main/cara%20caneca/images/07. Cuecas/P00002/Cueca Padrão - Mockup Cristiano e Messi.png?raw=true
Cueca,Estampa Pronta,Cueca Branca Poliester," R$  49,90 ",07.P00003,Ronaldo e Romario,Poliester,P M G GG,,,https://github.com/Lucas-Henrique-Lopes-Costa/personalziados/blob/main/cara%20caneca/images/07. Cuecas/P00003/Cueca Padrão - Mockup fenomeno e romario.png?raw=true
Squeeze,Personalizada,Squeeze Branca 2 Bicos 600ml," R$  59,90 ",03.P00002,Administador(a) de Empresas,Aluminio,600ml,,,https://github.com/Lucas-Henrique-Lopes-Costa/personalziados/blob/main/cara%20caneca/images/03. Squeeze/P00002/Administração (4).jpg?raw=true
Squeeze,Personalizada,Squeeze Branca 2 Bicos 600ml," R$  59,90 ",03.P00003,Advogado,Aluminio,600ml,,,https://github.com/Lucas-Henrique-Lopes-Costa/personalziados/blob/main/cara%20caneca/images/03. Squeeze/P00003/Direito (1).jpg?raw=true
Squeeze,Personalizada,Squeeze Branca 2 Bicos 600ml," R$  59,90 ",03.P00013,Educacao Fisica,Aluminio,600ml,,,https://github.com/Lucas-Henrique-Lopes-Costa/personalziados/blob/main/cara%20caneca/images/03. Squeeze/P00013/Educação Física (3).jpg?raw=true
Squeeze,Personalizada,Squeeze Branca 2 Bicos 600ml," R$  59,90 ",03.P00018,Fisioterapeuta,Aluminio,600ml,,,https://github.com/Lucas-Henrique-Lopes-Costa/personalziados/blob/main/cara%20caneca/images/03. Squeeze/P00018/Fisioterapia (2).jpg?raw=true
Squeeze,Personalizada,Squeeze Branca 2 Bicos 600ml," R$  59,90 ",03.P00019,Fonoaudiologo(a),Aluminio,600ml,,,https://github.com/Lucas-Henrique-Lopes-Costa/personalziados/blob/main/cara%20caneca/images/03. Squeeze/P00019/Fonoaudiologia (1).jpg?raw=true
Squeeze,Personalizada,Squeeze Branca 2 Bicos 600ml," R$  59,90 ",03.P00022,Medico(a),Aluminio,600ml,,,https://github.com/Lucas-Henrique-Lopes-Costa/personalziados/blob/main/cara%20caneca/images/03. Squeeze/P00022/Medicina (4).jpg?raw=true
Squeeze,Personalizada,Squeeze Branca 2 Bicos 600ml," R$  59,90 ",03.P00023,Nutricionista,Aluminio,600ml,,,https://github.com/Lucas-Henrique-Lopes-Costa/personalziados/blob/main/cara%20caneca/images/03. Squeeze/P00023/Nutrição (4).jpg?raw=true
Squeeze,Personalizada,Squeeze Branca 2 Bicos 600ml," R$  59,90 ",03.P00026,Professor(a),Aluminio,600ml,,,https://github.com/Lucas-Henrique-Lopes-Costa/personalziados/blob/main/cara%20caneca/images/03. Squeeze/P00026/Professor (2).jpg?raw=true
Squeeze,Personalizada,Squeeze Branca 2 Bicos 600ml," R$  59,90 ",03.P00031,Tecnico(a) em Enfermagem,Aluminio,600ml,,,https://github.com/Lucas-Henrique-Lopes-Costa/personalziados/blob/main/cara%20caneca/images/03. Squeeze/P00031/Tecnico Enfermagem (4).jpg?raw=true
Squeeze,Personalizada,Squeeze Branca 2 Bicos 600ml," R$  59,90 ",03.P00035,Com Caricatura e Nome,Aluminio,600ml,,,https://github.com/Lucas-Henrique-Lopes-Costa/personalziados/blob/main/cara%20caneca/images/03. Squeeze/P00035/WhatsApp Image 2024-09-09 at 15.35.41.jpeg?raw=true
