Produto,Variação 1,Variação 2, Preço,Variação 4,SKU,Pronto,Estampa,RDX,Material,Tamanho/Medidas,Nome Pasta,Link Artes,Imagem para encontrar,Link da Imagem,Imagem Encontrada
Caneca,Personalizada,Caneca Branca 325ml," R$  34,90 ",Com Caricatura,01.P00001,ok,Personalizacoes Diversas,Sim,Porcelana,325ml,catura,P00001,,,Pasta não encontrada
Caneca,Personalizada,Caneca Branca 325ml," R$  34,90 ",Com Caricatura,01.P00003,ok,Administador(a) de Empresas,Sim,Porcelana,325ml,catura,P00003,],,Pasta não encontrada
Caneca,Personalizada,Caneca Branca 325ml," R$  34,90 ",Com Caricatura,01.P00004,ok,Advogado,Sim,Porcelana,325ml,catura,P00004,,,Pasta não encontrada
Caneca,Personalizada,Caneca Branca 325ml," R$  34,90 ",Com Caricatura,01.P00008,ok,Biomedico(a),Sim,Porcelana,325ml,catura,P00008,,,Pasta não encontrada
Caneca,Personalizada,Caneca Branca 325ml," R$  34,90 ",Com Caricatura,01.P00011,ok,Dentista,Sim,Porcelana,325ml,catura,P00011,,,Pasta não encontrada
Caneca,Personalizada,Caneca Branca 325ml," R$  34,90 ",Com Caricatura,01.P00014,ok,Educacao Fisica,Sim,Porcelana,325ml,catura,P00014,,,Pasta não encontrada
Caneca,Personalizada,Caneca Branca 325ml," R$  34,90 ",Com Caricatura,01.P00015,ok,Enfermeiro(a),Sim,Porcelana,325ml,catura,P00015,,,Pasta não encontrada
Caneca,Personalizada,Caneca Branca 325ml," R$  34,90 ",Com Caricatura,01.P00016,ok,Engenheiro(a),Sim,Porcelana,325ml,catura,P00016,,,Pasta não encontrada
Caneca,Personalizada,Caneca Branca 325ml," R$  34,90 ",Com Caricatura,01.P00019,ok,Fisioterapeuta,Sim,Porcelana,325ml,catura,P00019,,,Pasta não encontrada
Caneca,Personalizada,Caneca Branca 325ml," R$  34,90 ",Com Caricatura,01.P00020,ok,Fonoaudiologo(a),Sim,Porcelana,325ml,catura,P00020,,,Pasta não encontrada
Caneca,Personalizada,Caneca Branca 325ml," R$  34,90 ",Com Caricatura,01.P00023,ok,Medico(a),Sim,Porcelana,325ml,catura,P00023,,,Pasta não encontrada
Caneca,Personalizada,Caneca Branca 325ml," R$  34,90 ",Com Caricatura,01.P00024,ok,Nutricionista,Sim,Porcelana,325ml,catura,P00024,,,Pasta não encontrada
Caneca,Personalizada,Caneca Branca 325ml," R$  34,90 ",Com Caricatura,01.P00027,ok,Professor(a),Sim,Porcelana,325ml,catura,P00027,,,Pasta não encontrada
Caneca,Personalizada,Caneca Branca 325ml," R$  34,90 ",Com Caricatura,01.P00029,ok,Psicologo(a),Sim,Porcelana,325ml,catura,P00029,,,Pasta não encontrada
Caneca,Personalizada,Caneca Branca 325ml," R$  34,90 ",Com Caricatura,01.P00032,ok,Tecnico(a) em Enfermagem,Sim,Porcelana,325ml,catura,P00032,,,Pasta não encontrada
Caneca,Personalizada,Caneca Branca 325ml," R$  34,90 ",Com Caricatura,01.P00033,ok,Veterinario(a),Sim,Porcelana,325ml,catura,P00033,,,Pasta não encontrada
Caneca,Personalizada,Caneca Magica 325ml," R$  39,90 ",Com Foto,01.P00034,ok,Personalizacoes Diversas,Sim,Porcelana,325ml,m Foto,P00034,,,Pasta não encontrada
Caneca,Personalizada,Caneca Branca 325ml," R$  39,90 ",Com Avatar,01.P00035,ok,Administador(a) de Empresas,Sim,Porcelana,325ml,Avatar,P00035,,,Pasta não encontrada
Caneca,Personalizada,Caneca Branca 325ml," R$  39,90 ",Com Avatar,01.P00036,ok,Advogado,Sim,Porcelana,325ml,Avatar,P00036,,,Pasta não encontrada
Caneca,Personalizada,Caneca Branca 325ml," R$  39,90 ",Com Avatar,01.P00042,ok,Contador(a),Sim,Porcelana,325ml,Avatar,P00042,,,Pasta não encontrada
Caneca,Personalizada,Caneca Branca 325ml," R$  39,90 ",Com Avatar,01.P00043,ok,Dentista,Sim,Porcelana,325ml,Avatar,P00043,,,Pasta não encontrada
Caneca,Personalizada,Caneca Branca 325ml," R$  39,90 ",Com Avatar,01.P00046,ok,Educacao Fisica,Sim,Porcelana,325ml,Avatar,P00046,,,Pasta não encontrada
Caneca,Personalizada,Caneca Branca 325ml," R$  39,90 ",Com Avatar,01.P00047,ok,Enfermeiro(a),Sim,Porcelana,325ml,Avatar,P00047,,,Pasta não encontrada
Caneca,Personalizada,Caneca Branca 325ml," R$  39,90 ",Com Avatar,01.P00048,ok,Engenheiro(a),Sim,Porcelana,325ml,Avatar,P00048,,,Pasta não encontrada
Caneca,Personalizada,Caneca Branca 325ml," R$  39,90 ",Com Avatar,01.P00055,ok,Medico(a),Sim,Porcelana,325ml,Avatar,P00055,,,Pasta não encontrada
Caneca,Personalizada,Caneca Branca 325ml," R$  39,90 ",Com Avatar,01.P00056,ok,Nutricionista,Sim,Porcelana,325ml,Avatar,P00056,,,Pasta não encontrada
Caneca,Personalizada,Caneca Branca 325ml," R$  39,90 ",Com Avatar,01.P00059,ok,Professor(a),Sim,Porcelana,325ml,Avatar,P00059,,,Pasta não encontrada
Caneca,Personalizada,Caneca Branca 325ml," R$  39,90 ",Com Avatar,01.P00061,ok,Psicologo(a),Sim,Porcelana,325ml,Avatar,P00061,,,Pasta não encontrada
Caneca,Personalizada,Caneca Branca 325ml," R$  39,90 ",Com Avatar,01.P00065,ok,Veterinario(a),Sim,Porcelana,325ml,Avatar,P00065,,,Pasta não encontrada
Caneca,Personalizada,Caneca Branca 325ml," R$  34,90 ",Com Logo e Caricatura,01.P00066,ok,Personalizacoes Diversas,Sim,Porcelana,325ml,catura,P00066,,,Pasta não encontrada
Caneca,Personalizada,Caneca Branca 325ml," R$  34,90 ",Com Caricatura e Nome,01.P00068,ok,Personalizacoes Diversas,Sim,Porcelana,325ml,e Nome,P00068,,,Pasta não encontrada
Caneca,Personalizada,Caneca Branca 325ml," R$  34,90 ",Com Caricatura,01.P00070,ok,Administador(a) de Empresas,Sim,Porcelana,325ml,catura,P00070,,,Pasta não encontrada
Caneca,Personalizada,Caneca Branca 325ml," R$  34,90 ",Com Caricatura,01.P00071,ok,Advogado,Sim,Porcelana,325ml,catura,P00071,,,Pasta não encontrada
Caneca,Personalizada,Caneca Branca 325ml," R$  34,90 ",Com Caricatura,01.P00073,ok,Arquiteto(a),Sim,Porcelana,325ml,catura,P00073,,,Pasta não encontrada
Caneca,Personalizada,Caneca Branca 325ml," R$  34,90 ",Com Caricatura,01.P00081,ok,Educacao Fisica,Sim,Porcelana,325ml,catura,P00081,,,Pasta não encontrada
Caneca,Personalizada,Caneca Branca 325ml," R$  34,90 ",Com Caricatura,01.P00082,ok,Enfermeiro(a),Sim,Porcelana,325ml,catura,P00082,,,Pasta não encontrada
Caneca,Personalizada,Caneca Branca 325ml," R$  34,90 ",Com Caricatura,01.P00085,ok,Farmaceutico(a),Sim,Porcelana,325ml,catura,P00085,,,Pasta não encontrada
Caneca,Personalizada,Caneca Branca 325ml," R$  34,90 ",Com Caricatura,01.P00090,ok,Medico(a),Sim,Porcelana,325ml,catura,P00090,,,Pasta não encontrada
Caneca,Personalizada,Caneca Branca 325ml," R$  34,90 ",Com Caricatura,01.P00094,ok,Professor(a),Sim,Porcelana,325ml,catura,P00094,,,Pasta não encontrada
Caneca,Personalizada,Caneca Branca 325ml," R$  34,90 ",Com Caricatura,01.P00100,ok,Veterinario(a),Sim,Porcelana,325ml,catura,P00100,,,Pasta não encontrada
Caneca,Personalizada,Caneca Branca 325ml," R$  39,90 ",Com Avatar,01.P00101,ok,Sr e Sra,Sim,Porcelana,325ml,Avatar,P00101,,,Pasta não encontrada
Caneca,Personalizada,Caneca Branca 325ml," R$  39,90 ",Com Avatar,01.P00102,ok,Pesca,Sim,Porcelana,325ml,Avatar,P00102,,,Pasta não encontrada
Caneca,Personalizada,Caneca Branca 325ml," R$  39,90 ",Com Avatar,01.P00103,ok,Noivo e Noiva na Moto,Sim,Porcelana,325ml,Avatar,P00103,,,Pasta não encontrada
Caneca,Personalizada,Caneca Branca 325ml," R$  39,90 ",Com Avatar,01.P00104,ok,Super Chefe,Sim,Porcelana,325ml,Avatar,P00104,,,Pasta não encontrada
Caneca,Personalizada,Caneca Branca 325ml," R$  39,90 ",Com Avatar,01.P00105,ok,Pescador,Sim,Porcelana,325ml,Avatar,P00105,,,Pasta não encontrada
Caneca,Personalizada,Caneca Branca 325ml," R$  39,90 ",Com Avatar,01.P00106,ok,Tenista,Sim,Porcelana,325ml,Avatar,P00106,,,Pasta não encontrada
Caneca,Personalizada,Caneca Branca 325ml," R$  39,90 ",Com Avatar,01.P00107,ok,Logomarca,Sim,Porcelana,325ml,Avatar,P00107,,,Pasta não encontrada
Caneca,Personalizada,Caneca Branca 325ml," R$  39,90 ",Com Avatar,01.P00109,ok,Corredor(a),Sim,Porcelana,325ml,Avatar,P00109,,,Pasta não encontrada
Caneca,Personalizada,Caneca Branca 325ml," R$  39,90 ",Com Avatar,01.P00110,ok,Fitness,Sim,Porcelana,325ml,Avatar,P00110,,,Pasta não encontrada
Caneca,Personalizada,Caneca Branca 325ml," R$  39,90 ",Com Avatar,01.P00111,ok,Basquete,Sim,Porcelana,325ml,Avatar,P00111,,,Pasta não encontrada
Caneca,Personalizada,Caneca Branca 325ml," R$  39,90 ",Com Avatar,01.P00113,ok,Corredora,Sim,Porcelana,325ml,Avatar,P00113,,,Pasta não encontrada
Caneca,Personalizada,Caneca Branca 325ml," R$  39,90 ",Com Avatar,01.P00114,ok,Administrador(a),Sim,Porcelana,325ml,Avatar,P00114,,,Pasta não encontrada
Caneca,Personalizada,Caneca Branca 325ml," R$  39,90 ",Com Avatar,01.P00115,ok,Bombeiro,Sim,Porcelana,325ml,Avatar,P00115,,,Pasta não encontrada
Caneca,Personalizada,Caneca Branca 325ml," R$  39,90 ",Com Avatar,01.P00117,ok,Chef de Cozinha,Sim,Porcelana,325ml,Avatar,P00117,,,Pasta não encontrada
Caneca,Personalizada,Caneca Branca 325ml," R$  39,90 ",Com Avatar,01.P00118,ok,Enfermagem,Sim,Porcelana,325ml,Avatar,P00118,,,Pasta não encontrada
Caneca,Personalizada,Caneca Branca 325ml," R$  39,90 ",Com Avatar,01.P00119,ok,Engenheiro(a),Sim,Porcelana,325ml,Avatar,P00119,,,Pasta não encontrada
Caneca,Personalizada,Caneca Branca 325ml," R$  39,90 ",Com Avatar,01.P00120,ok,Futebol,Sim,Porcelana,325ml,Avatar,P00120,,,Pasta não encontrada
Caneca,Personalizada,Caneca Branca 325ml," R$  34,90 ",Com Caricatura,01.P00123,ok,Administador(a) de Empresas,Sim,Porcelana,325ml,catura,P00123,,,Pasta não encontrada
Caneca,Personalizada,Caneca Branca 325ml," R$  34,90 ",Com Caricatura,01.P00125,ok,Agronomia,Sim,Porcelana,325ml,catura,P00125,,,Pasta não encontrada
Caneca,Personalizada,Caneca Branca 325ml," R$  34,90 ",Com Caricatura,01.P00126,ok,Arquiteto(a),Sim,Porcelana,325ml,catura,P00126,,,Pasta não encontrada
Caneca,Personalizada,Caneca Branca 325ml," R$  34,90 ",Com Caricatura,01.P00135,ok,Enfermeiro(a),Sim,Porcelana,325ml,catura,P00135,,,Pasta não encontrada
Caneca,Personalizada,Caneca Branca 325ml," R$  34,90 ",Com Caricatura,01.P00136,ok,Engenheiro(a),Sim,Porcelana,325ml,catura,P00136,,,Pasta não encontrada
Caneca,Personalizada,Caneca Branca 325ml," R$  34,90 ",Com Caricatura,01.P00143,ok,Medico(a),Sim,Porcelana,325ml,catura,P00143,,,Pasta não encontrada
Caneca,Personalizada,Caneca Branca 325ml," R$  34,90 ",Com Caricatura,01.P00144,ok,Nutricionista,Sim,Porcelana,325ml,catura,P00144,,,Pasta não encontrada
Caneca,Personalizada,Caneca Branca 325ml," R$  34,90 ",Com Caricatura,01.P00149,ok,Psicologo(a),Sim,Porcelana,325ml,catura,P00149,,,Pasta não encontrada
Caneca,Personalizada,Caneca Branca 325ml," R$  34,90 ",Com Caricatura,01.P00153,ok,Veterinario(a),Sim,Porcelana,325ml,catura,P00153,,,Pasta não encontrada
Caneca,Personalizada,Caneca Branca 325ml," R$  34,90 ",Com Caricatura,01.P00154,ok,Administador(a) de Empresas,sim,Porcelana,325ml,catura,P00154,,,Pasta não encontrada
Caneca,Personalizada,Caneca Branca 325ml," R$  34,90 ",Com Caricatura,01.P00155,ok,Advogado,sim,Porcelana,325ml,catura,P00155,,,Pasta não encontrada
Caneca,Personalizada,Caneca Branca 325ml," R$  34,90 ",Com Caricatura,01.P00161,ok,Contador(a),sim,Porcelana,325ml,catura,P00161,,,Pasta não encontrada
Caneca,Personalizada,Caneca Branca 325ml," R$  34,90 ",Com Caricatura,01.P00162,ok,Dentista,sim,Porcelana,325ml,catura,P00162,,,Pasta não encontrada
Caneca,Personalizada,Caneca Branca 325ml," R$  34,90 ",Com Caricatura,01.P00169,ok,Farmaceutico(a),sim,Porcelana,325ml,catura,P00169,,,Pasta não encontrada
Caneca,Personalizada,Caneca Branca 325ml," R$  34,90 ",Com Caricatura,01.P00174,ok,Medico(a),sim,Porcelana,325ml,catura,P00174,,,Pasta não encontrada
Caneca,Personalizada,Caneca Branca 325ml," R$  34,90 ",Com Caricatura,01.P00175,ok,Nutricionista,sim,Porcelana,325ml,catura,P00175,,,Pasta não encontrada
Caneca,Personalizada,Caneca Branca 325ml," R$  34,90 ",Com Caricatura,01.P00178,ok,Professor(a),sim,Porcelana,325ml,catura,P00178,,,Pasta não encontrada
Caneca,Personalizada,Caneca Branca 325ml," R$  34,90 ",Com Caricatura,01.P00180,ok,Psicologo(a),sim,Porcelana,325ml,catura,P00180,,,Pasta não encontrada
Caneca,Personalizada,Caneca Branca 325ml," R$  34,90 ",Com Caricatura,01.P00183,ok,Tecnico(a) em Enfermagem,sim,Porcelana,325ml,catura,P00183,,,Pasta não encontrada
Caneca,Personalizada,Caneca Branca 325ml," R$  34,90 ",Com Caricatura,01.P00185,ok,Administador(a) de Empresas,sim,Porcelana,325ml,catura,P00185,,,Pasta não encontrada
Caneca,Personalizada,Caneca Branca 325ml," R$  34,90 ",Com Caricatura,01.P00186,ok,Advogado,sim,Porcelana,325ml,catura,P00186,,,Pasta não encontrada
Caneca,Personalizada,Caneca Branca 325ml," R$  34,90 ",Com Caricatura,01.P00192,ok,Contador(a),sim,Porcelana,325ml,catura,P00192,,,Pasta não encontrada
Caneca,Personalizada,Caneca Branca 325ml," R$  34,90 ",Com Caricatura,01.P00193,ok,Dentista,sim,Porcelana,325ml,catura,P00193,,,Pasta não encontrada
Caneca,Personalizada,Caneca Branca 325ml," R$  34,90 ",Com Caricatura,01.P00196,ok,Educacao Fisica,sim,Porcelana,325ml,catura,P00196,,,Pasta não encontrada
Caneca,Personalizada,Caneca Branca 325ml," R$  34,90 ",Com Caricatura,01.P00206,ok,Medico(a),sim,Porcelana,325ml,catura,P00206,,,Pasta não encontrada
Caneca,Personalizada,Caneca Branca 325ml," R$  34,90 ",Com Caricatura,01.P00210,ok,Professor(a),sim,Porcelana,325ml,catura,P00210,,,Pasta não encontrada
Caneca,Personalizada,Caneca Branca 325ml," R$  34,90 ",Com Caricatura,01.P00212,ok,Psicologo(a),sim,Porcelana,325ml,catura,P00212,,,Pasta não encontrada
Caneca,Personalizada,Caneca Branca 325ml," R$  34,90 ",Com Caricatura,01.P00216,ok,Veterinario(a),sim,Porcelana,325ml,catura,P00216,,,Pasta não encontrada
Caneca,Personalizada,Caneca Branca Alca Preta 325ml," R$  44,90 ",Com Avatar,01.P00217,ok,Jiu Jitsu,sim,Porcelana,325ml,Avatar,P00217,,,Pasta não encontrada
Caneca,Personalizada,Caneca Branca 325ml," R$  39,90 ",Com Avatar,01.P00218,ok,Engenheiro(a),sim,Porcelana,325ml,Avatar,P00218,,,Pasta não encontrada
Caneca,Personalizada,Caneca Branca 325ml," R$  39,90 ",Com Avatar,01.P00220,ok,Guitarrista,sim,Porcelana,325ml,Avatar,P00220,,,Pasta não encontrada
Caneca,Personalizada,Caneca Branca 325ml," R$  39,90 ",Com Avatar,01.P00221,ok,Natacao,sim,Porcelana,325ml,Avatar,P00221,,,Pasta não encontrada
Caneca,Personalizada,Caneca Branca 325ml," R$  39,90 ",Com Avatar,01.P00222,ok,Corretora de Imoveis,sim,Porcelana,325ml,Avatar,P00222,,,Pasta não encontrada
Caneca,Personalizada,Caneca Branca 325ml," R$  39,90 ",Com Avatar,01.P00223,ok,Super Mae,sim,Porcelana,325ml,Avatar,P00223,,,Pasta não encontrada
Caneca,Personalizada,Caneca Branca 325ml," R$  39,90 ",Com Avatar,01.P00224,ok,Advogados,sim,Porcelana,325ml,Avatar,P00224,,,Pasta não encontrada
Caneca,Personalizada,Caneca Branca 325ml," R$  39,90 ",Com Avatar,01.P00226,ok,Professor(a),sim,Porcelana,325ml,Avatar,P00226,,,Pasta não encontrada
Caneca,Personalizada,Caneca Branca 100ml," R$  36,90 ",Com Caricatura,01.P00474,ok,Professor(a),sim,Porcelana,100ml,catura,P00474,,,Pasta não encontrada
Caneca,Personalizada,Caneca Branca 100ml," R$  42,90 ",Com Avatar,01.P00475,ok,Personalizacoes Diversas,sim,Porcelana,100ml,Avatar,P00475,,,Pasta não encontrada
Caneca,Personalizada,Caneca Branca 100ml," R$  36,90 ",Com Caricatura e Logo,01.P00476,ok,Personalizacoes Diversas,sim,Porcelana,100ml,e Logo,P00476,,,Pasta não encontrada
Caneca,Personalizada,Caneca Branca 100ml," R$  36,90 ",Com Caricatura,01.P00477,ok,Personalizacoes Diversas,sim,Porcelana,100ml,catura,P00477,,,Pasta não encontrada
Caneca,Personalizada,Caneca de Chopp Aluminio 600ml," R$  39,90 ",Com Caricatura e Nome,01.P00481,ok,Personalizacoes Diversas,sim,Aluminio,600ml,e Nome,P00481,,,Pasta não encontrada
Caneca,Personalizada,Caneca de Chopp Aluminio 600ml," R$  39,90 ",Com Caricatura e Logo,01.P00482,ok,Personalizacoes Diversas,sim,Aluminio,600ml,e Logo,P00482,,,Pasta não encontrada
Caneca,Personalizada,Caneca Preta 325ml," R$  49,90 ",Com Logo,01.P00484,ok,Com Logo,sim,Porcelana,325ml,m Logo,P00484,,,Pasta não encontrada
Caneca,Personalizada,Caneca Preta 325ml," R$  49,90 ",Com Caricatura e Nome,01.P00485,ok,Com Caricatura e Nome,sim,Porcelana,325ml,e Nome,P00485,,,Pasta não encontrada
Caneca,Personalizada,Caneca Preta 325ml," R$  49,90 ",Com Caricatura e Logo,01.P00486,ok,Com Caricatura e Logo,sim,Porcelana,325ml,e Logo,P00486,,,Pasta não encontrada
Caneca,Personalizada,Caneca Preta 325ml," R$  49,90 ",Com Caricatura,01.P00487,ok,Personalizacoes Diversas,sim,Porcelana,325ml,catura,P00487,,,Pasta não encontrada
Copo Termico,Personalizado,Copo Termico 473ml," R$  69,90 ",Com Caricatura,11.P00001,ok,Personalizacoes Diversas,sim,Aluminio,473ml,catura,P00001,,,Pasta não encontrada
Copo Termico,Personalizado,Copo Termico 473ml," R$  69,90 ",Com Avatar,11.P00002,ok,Super Chefe,sim,Aluminio,473ml,Avatar,P00002,,,Pasta não encontrada
Copo Termico,Personalizado,Copo Termico 473ml," R$  69,90 ",Com Caricatura e Nome,11.P00003,ok,Personalizacoes Diversas,sim,Aluminio,473ml,e Nome,P00003,,,Pasta não encontrada
Copo Termico,Personalizado,Copo Termico 473ml," R$  69,90 ",Com Caricatura,11.P00004,ok,Professor(a),sim,Aluminio,473ml,catura,P00004,,,Pasta não encontrada
Cueca,Estampa Pronta,Cueca Branca Poliester," R$  49,90 ",,07.P00002,ok,Cristiano Ronaldo e Messi,sim,Poliester,P M G GG,,P00002,,,Pasta não encontrada
Cueca,Estampa Pronta,Cueca Branca Poliester," R$  49,90 ",,07.P00003,ok,Ronaldo e Romario,sim,Poliester,P M G GG,,P00003,,,Pasta não encontrada
Garrafa Termica,Personalizada,Garrafara Termica Digital 500ml," R$  79,90 ",Com Caricatura,10.P00001,ok,Personalizacoes Diversas,sim,Aluminio,500ml,catura,P00001,,,Pasta não encontrada
Garrafa Termica,Personalizada,Garrafara Termica Digital 500ml," R$  79,90 ",Com Avatar,10.P00002,ok,Super Chefe,sim,Aluminio,500ml,Avatar,P00002,,,Pasta não encontrada
Garrafa Termica,Personalizada,Garrafara Termica Digital 500ml," R$  79,90 ",Com Caricatura e Nome,10.P00003,ok,Personalizacoes Diversas,sim,Aluminio,500ml,e Nome,P00003,,,Pasta não encontrada
Garrafa Termica,Personalizada,Garrafara Termica Digital 500ml," R$  79,90 ",Com Caricatura,10.P00004,ok,Professor(a),sim,Aluminio,500ml,catura,P00004,,,Pasta não encontrada
Squeeze,Personalizada,Squeeze Branca 2 Bicos 600ml," R$  59,90 ",Com Caricatura,03.P00002,ok,Administador(a) de Empresas,sim,Aluminio,600ml,catura,P00002,,,Pasta não encontrada
Squeeze,Personalizada,Squeeze Branca 2 Bicos 600ml," R$  59,90 ",Com Caricatura,03.P00003,ok,Advogado,sim,Aluminio,600ml,catura,P00003,,,Pasta não encontrada
Squeeze,Personalizada,Squeeze Branca 2 Bicos 600ml," R$  59,90 ",Com Caricatura,03.P00013,ok,Educacao Fisica,sim,Aluminio,600ml,catura,P00013,,,Pasta não encontrada
Squeeze,Personalizada,Squeeze Branca 2 Bicos 600ml," R$  59,90 ",Com Caricatura,03.P00018,ok,Fisioterapeuta,sim,Aluminio,600ml,catura,P00018,,,Pasta não encontrada
Squeeze,Personalizada,Squeeze Branca 2 Bicos 600ml," R$  59,90 ",Com Caricatura,03.P00019,ok,Fonoaudiologo(a),sim,Aluminio,600ml,catura,P00019,,,Pasta não encontrada
Squeeze,Personalizada,Squeeze Branca 2 Bicos 600ml," R$  59,90 ",Com Caricatura,03.P00022,ok,Medico(a),sim,Aluminio,600ml,catura,P00022,,,Pasta não encontrada
Squeeze,Personalizada,Squeeze Branca 2 Bicos 600ml," R$  59,90 ",Com Caricatura,03.P00023,ok,Nutricionista,sim,Aluminio,600ml,catura,P00023,,,Pasta não encontrada
Squeeze,Personalizada,Squeeze Branca 2 Bicos 600ml," R$  59,90 ",Com Caricatura,03.P00026,ok,Professor(a),sim,Aluminio,600ml,catura,P00026,,,Pasta não encontrada
Squeeze,Personalizada,Squeeze Branca 2 Bicos 600ml," R$  59,90 ",Com Caricatura,03.P00031,ok,Tecnico(a) em Enfermagem,sim,Aluminio,600ml,catura,P00031,,,Pasta não encontrada
Squeeze,Personalizada,Squeeze Branca 2 Bicos 600ml," R$  59,90 ",Com Caricatura e Nome,03.P00035,ok,Com Caricatura e Nome,sim,Aluminio,600ml,e Nome,P00035,,,Pasta não encontrada
